id ;grupo;lote;DATA_NASCIMENTO;DATA_RETIRADA;DATA_PRIMEIRA_SESSAO;DATA_TESTE_ESFORCO_POS;DATA_VO2_POS;DATA_MI;DATA_ECO3;DATA_hem;DATA_papilar;data_exclusao;motivo_exlusao;detalhamento_exclusao;HP;FC;Ao_M;AE_M;FP;GP; E; A;E_A;TDE;TRIV;FA;GA;Ao_B;AE_B;area_AE;DVED;DVES;Fenc;IM;area_VE_diast;area_VE_sist;FEAT;CDM;CSM;AM;CDA;CSA;AA;massa_VDE;massa_VE;massa_pulmao_umido;massa_pulmao_seco;massa_soleo;peso_2VO2;tempo_VO2;vo2_picoR;mortalidade;dia_morte;PVE_sist;PD2;FC_hem;DP_dt_mais;Dp_dt_menos;PAS;PAD;PAM;IL_10_AR;IL_6_AR;IL_1_AR;TNF_AR;GPX_AR;CAT_AR;SOD_AR;VEGF_AR;PLBT_GAPDH_RAZAO_AR;PLBP_GAPDH_RAZAO_AR;NCX_GAPDH_RAZAO_AR;HNE_GAPDH_RAZAO_AR;SERCA_GAPDH_RAZAO_AR;RyR_GAPDH_RAZAO_AR;CAV_GAPDH_RAZAO_AR;peso2;peso3;peso4;peso5;peso6;peso7;peso8;peso9;peso10;peso11;peso13
Significado das siglas;Grupos (SHAM, NT+IM, T60+IM, T90+IM, T180+IM);lote;Data de nascimento dos animais;Data de retirada dos animais do CEDEME;Data da primeira sessão de treinamento na piscina;Data do tesde de esforço pós treinamento independentemente se houve ou não mensuração do VO2pico;Data do teste de esforço cardiopulmonar após treinamento com mensuração do VO2pico;Data da cirurgia de infarto do miocárdio;Data do exame de ecocardiograma após o infarto do miocárdio;Data da avaliação hemodinâmica do ventrículo esquerdo;Data da avaliação da mecânica do músculo papilar;Data que o animal foi excluído;Motivo resumido da exclusão;;"Presença de hipertensão pulmonar (0= NÃO; 1= SIM)";Frequência cardíaca no exame de ecocardiografia (BPM);Diâmetro da aorta no modo-M (cm) ;Diâmetro do átrio esquerdo no modo-M (cm);Velocidade de pico do fluxo pulmonar (m/s);Gradiente pulmonar (mmHg);Velocidade de pico da onda E (m/s);Velocidade de pico da onda A (m/s);Razão da onda A pela onda E;Tempo de desaceleração da onda E (ms);Tempo de relaxamento isovolumétrico (ms);Velocidade de pico do fluxo aórtico (m/s);Gradiente aórtico (mmHg);Diâmetro da aorta modo-B (cm);Diâmetro do átrio esquerdo modo-B (cm);Área do átrio esquerdo modo-B (cm);Diâmetro do ventrículo esquerdo no final da diástole (cm);Diâmetro do ventrículo esquerdo na sístole (cm);Fração de encurtamento (%);Tamanho do infarto do miocárdio (%);Área do ventrículo esquerdo no final da diástole (cm²);Área do ventrículo esquerdo na sístole (cm²);Fração de encurtamento da área de secção transversa (%);Circunferência do ventrículo esquerdo na diástole no nível do papilar (cm);Circunferência do ventrículo esquerdo na sístole no nível do papilar (cm);Comprimento do infarto do miocárdio no nível do papilar (cm);Circunferência do ventrículo esquerdo no final da diástole na região apical (cm);Circunferência do ventrículo esquerdo na sístole na região apical (cm);Comprimento do infarto do miocárdio na região apical (cm);Massa do ventrículo esquerdo e ventrículo direito (gramas);Massa do ventrículo esquerdo (gramas);Massa do pulmão úmido (gramas);Massa do pulmão seco (gramas);Massa do músculo sóleo (gramas);Massa corporal no teste de esforço cardiopulmonar após o treinamento (gramas);Tempo no teste de esforço cardiopulmonar após o treinamento (s);Consumo de oxigênio pico após o treinamento (ml/kg/min);Morte após o infarto do miocárdio (0= NÃO, 1= SIM);Dias após o infarto do miocárdio;Pressão do ventrículo esquerdo na sístole (mmHg);Pressão do ventrículo esquerdo no final da diástole (mmHg);Frequência cardíaca na avaliação hemodinâmica (bpm);Derivada positiva da pressão ventricular esquerda (mmHg/s);Derivada negativa da pressão ventricular esquerda (mmHg/s);Pressão arterial sistólica na aorta;Pressão arterial diastólica na aorta;pressão arterial média na aorta;IL-10 da área remota do ventrículo esquerdo (pg/mg de proteína);IL-6 da área remota do ventrículo esquerdo (pg/mg de proteína);IL-1beta da área remota do ventrículo esquerdo (pg/mg de proteína);TNF-alfa da área remota do ventrículo esquerdo (pg/mg de proteína);Glutationa peroxidase da área remota do ventrículo esquerdo (U/mg de proteína);Catalase da área remota do ventrículo esquerdo (nmol/min/mg de proteína);Superóxido dismutase da área remota do ventrículo esquerdo (U/mg de proteína);VEGF da área remota do ventrículo esquerdo (pg/mg de proteína);Fosfolambam total da área remota corigida pelo GAPDH ;Fosfolambam fosforilada da área remota corigida pelo GAPDH ;Trocador sódio-cálcio da área infartada corigida pelo GAPDH ;4HNE da área remota corigida pelo GAPDH ;SERCA da área remota corigida pelo GAPDH ;Receptor de rianodina da área remota corigida pelo GAPDH ;CAV da área remota corigida pelo GAPDH ;1_sem_treino;2_sem_treino;3_sem_treino;4_sem_treino;5_sem_treino;6_sem_treino;7_sem_treino;8_sem_treino;2_VO2;ECO2;ECO3
1;T90+IM;1;17/11/2021;13/01/2022;24/01/2022;;;;;;;14/02/2022;lesão via respiratória (presa no ralo);Ficou presa no ralo da piscina. Não morreu afogada mas sofreu dano severo no sistema respiratório causado pela sucção da bomba da piscina, vindo a óbito poucas horas depois.;;;;;;;;;;;;;;;;;;;;;;;;;;;;;;;;;;;;;;;;;;;;;;;;;;;;;;;;;;;;;;;160;204;206;222;;;;;;;
2;T180+IM;1;17/11/2021;13/01/2022;24/01/2022;19/03/2022;19/03/2022;22/03/2022;;29/03/2022;;;;;;;;;;;;;;;;;;;;;;;;;;;;;;;;;;0.798;0.574;1.329;0.276;0.118;232;1135;45.58232;0;7;129;11.3;367;13165;8960;128.342;92.4681;112.437;30.83040417;87.68089341;10.02914105;10.21125411;1.690299229;;;;;;;;;;;139;182;199;222;219;225;238;241;232;242;246
3;T180+IM;1;17/11/2021;13/01/2022;24/01/2022;19/03/2022;19/03/2022;22/03/2022;;29/03/2022;;;;;;;;;;;;;;;;;;;;;;;;;;;;;;;;;;0.711;0.55;1.386;0.279;0.13;211;1397;52.64627;0;7;129;13.5;346;12108;7671;129.85;92.4396;112.651;30.99417113;87.03244636;8.744861332;7.029408208;0.181688551;;;;;;;;;;;148;188;200;206;213;214;216;217;211;229;223
4;T60+IM;1;17/11/2021;13/01/2022;24/01/2022;19/03/2022;19/03/2022;22/03/2022;;;;;;;;;;;;;;;;;;;;;;;;;;;;;;;;;;;;;;;;;201;1608;52.13652;1;1;;;;;;;;;;;;;;;;;;;;;;;;126;170;180;191;198;197;204;202;201;213;
5;T90+IM;1;17/11/2021;13/01/2022;24/01/2022;19/03/2022;19/03/2022;22/03/2022;;29/03/2022;;;;;;;;;;;;;;;;;;;;;;;;;;;;;;;;;;0.908;0.679;1.393;0.286;0.124;224;1454;58.0326;0;7;124;11.8;359;9807;7203;121.929;94.6084;110.066;29.63585671;92.35733397;11.04808205;8.46825965;3.419527504;83.9598935;91.95318973;;;;;;;;;147;190;205;217;221;221;225;231;224;240;240
6;SHAM;1;17/11/2021;13/01/2022;;19/03/2022;19/03/2022;22/03/2022;;29/03/2022;;;;;;;;;;;;;;;;;;;;;;;;;;;;;;;;;;0.7;0.516;1.174;0.244;0.136;236;1017;42.7239;0;7;129;7.3;391;14259;10229;123.512;86.2542;106.155;34.72335661;86.23236561;9.465456843;10.80512641;1.29650615;;;;;;;;;;;141;185;198;211;222;220;229;234;236;237;243
7;NT+IM;1;17/11/2021;13/01/2022;;19/03/2022;19/03/2022;22/03/2022;;;;;;;;;;;;;;;;;;;;;;;;;;;;;;;;;;;;;;;;;256;1038;40.03758;1;1;;;;;;;;;;;;;;;;;;;;;;;;167;218;228;243;252;248;252;259;256;268;
8;T60+IM;1;17/11/2021;13/01/2022;24/01/2022;19/03/2022;19/03/2022;22/03/2022;;;;;;;;;;;;;;;;;;;;;;;;;;;;;;;;;;;;;;;;;235;1393;48.8592;1;1;;;;;;;;;;;;;;;;;;;;;;;;141;194;209;228;227;229;240;232;235;241;
9;NT+IM;1;17/11/2021;13/01/2022;;19/03/2022;19/03/2022;22/03/2022;;29/03/2022;;;;;;;;;;;;;;;;;;;;;;;;;;;;;;;;;;0.708;0.532;1.378;0.281;0.116;251;1061;38.54632;0;7;102;16;309;6595;4731;101.002;74.4701;89.2393;;;;;2.323566264;;;;1.189;1.393139842;0.466171977;0.63627451;0.771461057;1.411062907;0.689262473;151;194;214;229;229;232;245;256;251;258;263
10;NT+IM;2;03/12/2021;27/01/2022;;02/04/2022;02/04/2022;05/04/2022;11/04/2022;12/04/2022;;;;;0;281;0.28;0.45;0.75;2.31;0.84;0.19;4.421052632;33;20;0.55;1.21;0.28;0.56;0.64;0.73;0.55;25;37;0.51;0.38;25;2.62;2.22;1.02;2.2;1.77;0.76;0.68;0.532;1.548;0.32;0.117;230;1106;46.8814;0;7;128;18;290;6673;5350;128.048;99.1778;113.683;26.04815669;85.17651914;12.05049321;8.231697506;4.058516339;;;;;;;;;;;172;183;206;214;217;213;226;227;230;227;247
11;NT+IM;2;03/12/2021;27/01/2022;;02/04/2022;02/04/2022;05/04/2022;11/04/2022;12/04/2022;;;;;0;228;0.33;0.49;0.72;2.13;0.7;0.16;4.375;47;23;0.8;2.56;0.36;0.52;0.49;0.82;0.63;23;41;0.43;0.27;37;2.5;2;1.04;1.68;1.44;0.66;0.748;0.575;1.567;0.319;0.139;257;1044;47.48693;0;7;132;8.7;386;11377;9552;132.952;108.518;121.977;27.21281993;73.13053902;16.21751066;9.137320841;1.20285368;86.78625283;59.93651635;1.433982927;1.105;0.918173168;0.985059761;0.378326996;0.607769424;0.839285714;1.068379791;195;210;228;234;246;247;248;253;257;266;277
12;T90+IM;2;03/12/2021;27/01/2022;07/02/2022;02/04/2022;02/04/2022;05/04/2022;;;;;;;;;;;;;;;;;;;;;;;;;;;;;;;;;;;;;;;;;250;1102;47.32601;1;1;;;;;;;;;;;;;;;;;;;;;;;;190;208;219;230;243;253;261;253;250;261;
13;SHAM;2;02/12/2021;27/01/2022;;02/04/2022;02/04/2022;;;;;04/04/2022;morte por anestesia;Morreu por causa da anestesia do ECO2 (pós treinamento);;;;;;;;;;;;;;;;;;;;;;;;;;;;;;;;;;;270;1020;45.4352;;;;;;;;;;;;;;;;;;;;;;;;;;213;234;252;253;256;264;273;268;270;270;
14;T180+IM;2;02/12/2021;27/01/2022;07/02/2022;02/04/2022;02/04/2022;05/04/2022;11/04/2022;12/04/2022;;;;;0;214;0.31;0.61;0.79;2.5;0.95;0.14;6.785714286;37;33;0.76;2.37;0.48;0.69;0.71;0.97;0.78;20;41;0.67;0.5;25;2.98;2.57;1.33;1.74;1.27;0.59;0.925;0.714;1.616;0.33;0.138;242;1600;59.22819;0;7;130;12.6;346;9275;7385;133.012;104.173;119.373;37.57373962;69.7631637;22.08656627;9.469342353;2.298697723;269.2506441;37.0751114;7.27993543;;;;;;;;212;221;228;235;241;244;260;249;242;256;253
15;T60+IM;2;02/12/2021;27/01/2022;07/02/2022;02/04/2022;02/04/2022;05/04/2022;11/04/2022;12/04/2022;;;;;0;300;0.25;0.47;0.62;1.54;0.77;0.19;4.052631579;30;30;0.74;2.19;0.38;0.65;0.63;1.02;0.8;22;45;0.65;0.43;34;2.93;2.47;1.44;2.1;1.63;0.82;0.915;0.713;1.609;0.315;0.152;257;1393;57.13212;0;7;118;15.7;379;7910;6824;121.677;97.1512;109.999;33.84949355;70.12763056;9.545578448;8.503702597;2.10342454;;;;;;;;;;;187;205;227;221;237;241;251;254;257;259;264
16;T60+IM;2;04/12/2021;27/01/2022;07/02/2022;02/04/2022;02/04/2022;05/04/2022;11/04/2022;12/04/2022;;;;;0;250;0.3;0.58;0.76;2.31;0.74;0.15;4.933333333;47;33;0.8;2.62;0.23;0.57;0.5;0.73;0.62;15;45;0.56;0.36;36;2.8;2.2;1.35;1.35;0.86;0.5;0.734;0.561;0.992;0.202;0.12;234;1477;54.21738;0;7;123;8.7;312;8526;6707;121.378;91.7106;107.438;27.58095897;60.97407335;5.721553413;3.86772588;1.119221199;180.34;47.6212388;1.323445354;;;;;;;;183;195;206;202;226;231;236;244;234;243;246
17;T180+IM;2;04/12/2021;27/01/2022;07/02/2022;02/04/2022;02/04/2022;05/04/2022;11/04/2022;12/04/2022;;;;;0;243;0.28;0.45;0.67;1.8;0.8;0.1;8;43;17;0.67;1.8;0.37;0.51;0.48;0.76;0.41;46;42;0.48;0.35;27;2.57;2.15;1.13;1.8;1.44;0.7;0.766;0.554;1.229;0.251;0.124;204;1460;55.26989;0;7;143;9.3;422;11186;8879;141.876;114.507;128.568;24.44041267;68.25698566;8.713868133;8.06737398;1.690929232;286.13;26.7803823;1.880847048;0.786;1.210696921;0.67104543;0.491654745;0.715494447;1.323264441;0.586115527;175;181;184;183;193;194;211;206;204;212;218
18;T90+IM;2;04/12/2021;27/01/2022;07/02/2022;02/04/2022;02/04/2022;05/04/2022;;;;;;;;;;;;;;;;;;;;;;;;;;;;;;;;;;;;;;;;;228;1182;61.08178;1;1;;;;;;;;;;;;;;;;;;;;;;;;204;212;220;203;221;219;223;233;228;235;
19;NT+IM;3;09/02/2022;14/04/2022;;19/06/2022;19/06/2022;21/06/2022;27/06/2022;28/06/2022;;;;;0;261;0.26;0.36;0.65;1.69;0.64;0.16;4;40;23;0.7;1.96;0.28;0.61;0.5;0.76;0.55;28;38;0.45;0.29;36;2.45;1.97;1.22;1.6;0.98;0.3;0.722;0.541;1.174;0.242;0.127;240;999;44.38799;0;7;116;13.2;372;8733;6301;114.373;96.3058;106.541;30.25355121;82.57949728;7.953118739;6.328716822;1.287821254;;;;;;;;;;;194;202;209;215;230;232;242;246;240;243;246
20;T60+IM;3;09/02/2022;14/04/2022;25/04/2022;18/06/2022;18/06/2022;21/06/2022;27/06/2022;28/06/2022;;;;;1;247;0.29;0.52;0.63;1.64;0.85;0.19;4.473684211;37;20;0.75;2.31;0.33;0.63;0.71;0.91;0.69;24;40;0.73;0.52;29;3.1;2.61;1.42;2.07;1.19;0.64;0.729;0.538;1.259;0.262;0.129;251;1460;62.4668;0;7;119;8.3;391;10156;6569;117.513;96.2927;107.435;30.89652024;74.04489927;11.49922899;7.139707951;1.843126801;;;;;;;;;;;195;203;216;221;232;246;260;251;251;249;255
21;NT+IM;3;09/02/2022;14/04/2022;;18/06/2022;18/06/2022;21/06/2022;27/06/2022;28/06/2022;;;;;0;220;0.3;0.44;0.75;2.31;0.8;0.17;4.705882353;37;13;0.78;2.43;0.3;0.57;0.48;0.68;0.45;34;43;0.43;0.31;28;2.37;2.05;1.11;1.64;1.15;0.63;;;1.258;0.261;0.167;258;1164;55.85031;0;7;116;10.8;353;11199;9037;110.186;85.1669;99.4103;26.96471621;81.4405209;10.97760623;6.679234632;1.655249546;159.2263099;57.29410984;3.779794629;1.028;0.807459677;1.673388865;0.6171875;0.721280603;1.360406091;0.86928934;205;214;222;236;247;246;249;256;258;261;260
22;T60+IM;3;09/02/2022;14/04/2022;25/04/2022;18/06/2022;18/06/2022;21/06/2022;27/06/2022;28/06/2022;;;;;1;247;0.25;0.39;0.65;1.69;0.84;0.2;4.2;37;20;0.71;2.02;0.33;0.65;0.65;0.92;0.54;41;46;0.58;0.36;38;2.76;2.2;1.34;2.21;1.84;0.93;0.764;0.544;1.629;0.339;0.123;238;1259;62.97256;0;7;111;21;298;7303;5468;112.902;79.5468;97.0966;31.78910374;79.16523547;19.43315772;7.999013871;2.790054199;111.1585761;39.8139504;2.149998228;;;;;;;;186;199;208;212;226;227;228;231;238;245;235
23;T90+IM;3;09/02/2022;14/04/2022;25/04/2022;19/06/2022;19/06/2022;21/06/2022;;;;;;;;;;;;;;;;;;;;;;;;;;;;;;;;;;;;;;;;;256;1572;68.71831;1;1;;;;;;;;;;;;;;;;;;;;;;;;216;221;232;238;249;248;265;255;256;263;
24;T60+IM;3;09/02/2022;14/04/2022;25/04/2022;18/06/2022;18/06/2022;21/06/2022;;;;;;;;;;;;;;;;;;;;;;;;;;;;;;;;;;;;;;;;;233;1397;63.06477;1;1;;;;;;;;;;;;;;;;;;;;;;;;196;205;212;223;221;227;235;234;233;238;
25;SHAM;3;08/02/2022;14/04/2022;;18/06/2022;18/06/2022;21/06/2022;27/06/2022;;;;;;0;182;0.29;0.43;1.04;4.33;0.8;0.3;2.666666667;63;23;0.79;2.5;0.37;0.4;0.31;0.71;0.36;49;;0.31;0.13;58;2.05;1.32;;1.68;0.88;;0.803;0.606;1.438;0.32;0.161;256;1133;49.81623;0;7;;;;;;;;;38.15233795;61.50298223;25.29404168;11.28840611;2.870485921;180.695461;35.76578651;2.099963649;1.125;1.140485313;0.707460733;0.510421962;0.75011236;1.618602091;0.505778756;208;224;231;235;236;235;246;250;256;261;244
26;T180+IM;3;08/02/2022;14/04/2022;25/04/2022;19/06/2022;19/06/2022;21/06/2022;27/06/2022;28/06/2022;;;;;0;196;0.26;0.54;0.74;2.19;0.96;0.15;6.4;40;20;0.62;1.59;0.32;0.6;0.64;0.8;0.55;31;44;0.61;0.34;44;2.86;2.2;1.34;1.66;1.11;0.66;0.726;0.556;1.543;0.315;0.13;236;1396;69.29109;0;7;125;16.7;413;9255;7546;128.202;103.578;116.976;27.95647963;60.65715742;9.695034066;4.93311901;1.873891952;;;;0.983;0.935662548;1.873360656;0.395057034;0.710446467;0.829052632;0.762105263;199;205;212;217;232;223;229;246;236;233;243
27;T90+IM;3;08/02/2022;14/04/2022;25/04/2022;;;21/06/2022;;;;19/05/2022;morte por afogamento;Morte por afogamento aos 62 min da 21º sessão de treinamento (animal mais leve do lote);;;;;;;;;;;;;;;;;;;;;;;;;;;;;;;;;;;;;;;;;;;;;;;;;;;;;;;;;;;;;;;188;194;191;198;;;;;;;
28;T180+IM;3;08/02/2022;14/04/2022;25/04/2022;19/06/2022;19/06/2022;21/06/2022;27/06/2022;28/06/2022;;;;;0;257;0.33;0.45;0.68;1.9;0.79;0.21;3.761904762;43;20;0.58;1.39;0.35;0.53;0.48;0.81;0.52;36;47;0.51;0.31;39;2.6;2.04;1.25;2.09;1.53;0.96;0.902;0.692;1.428;0.305;0.175;267;1294;58.33802;0;7;130;7.6;365;10483;7927;130.041;103.047;116.627;24.81666491;58.86009845;8.423013631;4.88803581;1.457158545;140.1203181;41.85066299;1.111170137;0.963;0.739342266;1.457228614;0.624079916;0.800444444;0.715629198;0.587102553;218;235;236;251;249;252;261;261;267;272;270
29;SHAM;3;08/02/2022;14/04/2022;;18/06/2022;18/06/2022;21/06/2022;27/06/2022;28/06/2022;;;;;0;220;0.3;0.44;0.8;2.62;0.67;0.19;3.526315789;53;23;0.77;2.37;0.31;0.49;0.44;0.67;0.43;36;;0.56;0.22;61;2.73;1.72;;1.95;1.39;;0.767;0.569;1.323;0.283;0.168;260;1416;65.17584;0;7;131;7.9;358;8931;9364;122.699;100.168;113.115;30.54730963;61.07898448;8.57107814;6.868187845;1.083253951;;;;;;;;;;;224;237;242;255;260;261;258;268;260;274;266
30;T90+IM;3;08/02/2022;14/04/2022;25/04/2022;19/06/2022;19/06/2022;21/06/2022;27/06/2022;28/06/2022;;;;;0;220;0.29;0.61;0.66;1.74;0.82;0.18;4.555555556;47;23;0.58;1.35;0.31;0.56;0.56;0.77;0.53;31;40;0.57;0.26;54;2.74;1.86;1.03;2.03;1.47;0.89;0.82;0.606;1.574;0.307;0.15;252;1447;61.82873;0;7;99;14.2;251;6430;4696;99.6086;66.4348;83.9388;35.5825279;75.53380857;4.450208175;5.562220854;1.787487771;126.6612867;53.2029005;1.173444659;0.929;1.03013834;1.003136201;0.50867052;1.096399535;0.998819827;0.470889064;217;233;237;251;248;250;256;246;252;257;252
31;NT+IM;4;03/04/2022;02/06/2022;;07/08/2022;07/08/2022;09/08/2022;15/08/2022;16/08/2022;;;;;1;257;0.3;0.49;0.59;1.44;0.69;0.23;3;27;17;0.57;1.3;0.24;0.47;0.39;0.71;0.44;38;38;0.46;0.21;54;2.52;1.66;0.87;1.97;1.57;0.84;0.655;0.471;1.325;0.268;0.133;251;1125;56.75599;0;7;106;12;385;10519;6686;106.084;77.6673;93.7732;31.4798845;62.21383222;1.893580392;4.330810719;2.704478766;131.7659794;49.18433389;5.428905964;;;;;;;;197;209;213;216;230;236;247;248;251;251;255
32;T60+IM;4;03/04/2022;02/06/2022;13/06/2022;06/08/2022;06/08/2022;09/08/2022;15/08/2022;16/08/2022;;;;;0;250;0.21;0.42;0.79;2.56;0.82;0.2;4.1;50;23;0.79;2.5;0.29;0.57;0.44;0.78;0.55;29;39;0.44;0.19;57;2.41;1.67;0.96;1.58;1.16;0.61;0.712;0.521;1.388;0.285;0.14;230;1510;67.02017;0;7;107;12.4;336;8526;5774;107.258;82.9551;95.8925;23.48440422;74.87245405;8.653158647;5.021724228;0.652790459;107.4490218;64.1075576;3.224780715;;;;;;;;200;204;213;225;225;201;222;226;230;234;237
33;T180+IM;4;03/04/2022;02/06/2022;13/06/2022;07/08/2022;07/08/2022;09/08/2022;15/08/2022;16/08/2022;;;;;0;261;0.28;0.45;0.94;3.61;0.81;0.35;2.314285714;47;23;0.89;2.24;0.32;0.54;0.45;0.85;0.62;27;36;0.48;0.22;54;2.52;1.78;0.91;1.43;1.06;0.5;0.789;0.595;1.084;0.224;0.142;244;1773;68.34373;0;7;97;17;287;7017;4986;98.0902;72.815;86.024;52.96899237;85.3365077;14.02276714;9.105649529;2.80849718;72.7591687;62.07497998;4.19665741;;;;;;;;210;222;221;225;236;241;240;248;244;247;256
34;T60+IM;4;04/04/2022;02/06/2022;13/06/2022;;;;;;;11/07/2022;morte por afogamento;rata 34 morreu afogada instantes antes de dar 60 min de treino na 23º sessão de treinamento;;;;;;;;;;;;;;;;;;;;;;;;;;;;;;;;;;;;;;;;;;;;;;;;;;;;;;;;;;;;;;;188;203;203;215;215;;;;;;
35;SHAM;4;04/04/2022;02/06/2022;;06/08/2022;06/08/2022;09/08/2022;15/08/2022;16/08/2022;;;;;0;209;0.33;0.59;0.89;3.24;0.93;0.25;3.72;37;30;0.97;3.76;0.35;0.44;0.31;0.75;0.45;40;;0.47;0.17;64;2.48;1.53;;1.63;1.03;;0.704;0.554;1.325;0.277;0.153;287;1041;50.64848;0;7;125;8.2;388;15048;11609;124.957;97.2557;112.857;51.53089618;69.98453723;17.45147328;12.05753484;1.327888005;87.55899099;34.37815478;4.553874562;0.875;0.801770782;1.527315914;0.388224878;1.098200514;1.072440945;1.101312336;249;255;262;265;271;276;280;286;287;293;292
36;T90+IM;4;04/04/2022;02/06/2022;13/06/2022;;;;;;;05/08/2022;lesão via respiratória (presa no ralo);rata 36 ficou presa no ralo da piscina na última sessão. Não morreu afogada mas sofreu dano severo no sistema respiratório causado pela sucção da bomba da piscina, foi sacrificada para evitar mais sofrimento.;;;;;;;;;;;;;;;;;;;;;;;;;;;;;;;;;;;;;;;;;;;;;;;;;;;;;;;;;;;;;;;213;217;227;225;249;246;249;260;;;
37;T180+IM;4;04/04/2022;02/06/2022;13/06/2022;07/08/2022;07/08/2022;09/08/2022;15/08/2022;16/08/2022;;;;;1;269;0.24;0.58;0.63;1.59;1.01;0.16;6.3125;40;20;0.81;2.62;0.28;0.61;0.6;0.89;0.78;12;43;0.74;0.41;45;3.12;2.36;1.44;2;1.61;0.78;0.832;0.587;2.435;0.488;0.118;263;1376;73.15503;0;7;91;20.8;386;5680;3695;91.2126;61.5464;77.9171;44.36062544;87.05773668;8.306148631;7.20978622;2.765632672;238.53704;55.86286692;;1.214;1.001452081;1.398513436;0.560859189;0.564057971;1.149916248;0.608877722;221;230;231;233;244;246;249;255;263;271;251
38;NT+IM;4;04/04/2022;02/06/2022;;07/08/2022;07/08/2022;09/08/2022;15/08/2022;17/08/2022;;;;;0;261;0.28;0.45;0.85;2.96;0.87;0.16;5.4375;40;23;0.84;2.89;0.36;0.46;0.38;0.73;0.55;25;45;0.45;0.34;24;2.43;2.16;1.02;1.91;1.54;0.92;0.656;0.509;1.372;0.287;0.153;253;1139;50.89841;0;7;102;14.5;325;7339;5598;103.111;75.9879;90.8227;44.6944523;80.0858988;4.510761373;6.27850067;1.6377737;;;;;;;;;;;207;215;216;227;236;237;240;251;253;255;249
39;T90+IM;4;04/04/2022;02/06/2022;13/06/2022;07/08/2022;07/08/2022;09/08/2022;15/08/2022;16/08/2022;;;;;0;265;0.31;0.58;0.69;1.9;0.76;0.25;3.04;33;23;0.66;1.8;0.33;0.53;0.47;0.87;0.62;29;38;0.47;0.23;51;2.51;1.78;1.04;1.9;1.42;0.64;0.705;0.553;1.35;0.279;0.134;239;1695;68.50633;0;7;118;13;385;8816;6930;118.963;94.7686;107.548;37.283529;71.49528639;4.008324841;5.699797665;1.88652324;106.0100009;51.45414339;4.089755264;1.369;1.440483384;1.439040208;0.729104478;0.597883598;0.455585831;0.467029973;217;218;218;229;232;238;235;249;239;241;258
40;T180+IM;4;03/04/2022;02/06/2022;13/06/2022;06/08/2022;06/08/2022;09/08/2022;15/08/2022;16/08/2022;;;;;0;324;0.3;0.39;0.61;1.54;0.74;0.18;4.111111111;43;30;0.82;2.76;0.33;0.55;0.52;0.91;0.61;33;38;0.53;0.34;36;2.65;2.15;1.06;2;1.32;0.73;0.775;0.59;1.574;0.319;0.141;243;1653;77.08445;0;7;124;12;374;10916;7205;127.026;96.2047;112.39;35.3632717;63.56993854;2.980457521;4.958202941;1.340992023;179.7918218;32.95987364;3.29019241;;;;;;;;208;216;230;235;241;241;249;253;243;257;249
41;T90+IM;4;03/04/2022;02/06/2022;13/06/2022;06/08/2022;;09/08/2022;15/08/2022;16/08/2022;;;;;0;295;0.3;0.52;0.83;2.76;0.86;0.48;1.791666667;33;30;0.9;3.31;0.29;0.51;0.43;0.86;0.62;28;37;0.53;0.36;32;2.67;2.25;0.97;1.5;1.1;0.58;0.759;0.55;1.459;0.302;0.149;235;1571;;0;7;92;17;276;6086;4328;94.8381;70.3085;83.7348;35.22006529;65.90917078;3.147567698;6.299749351;1.176088951;150.0399772;31.47832673;2.269446279;0.858;0.579378775;0.329455315;0.395008139;0.68315731;0.828628034;0.512630015;216;222;227;237;242;246;251;244;235;249;257
42;SHAM;4;03/04/2022;02/06/2022;;06/08/2022;06/08/2022;09/08/2022;15/08/2022;17/08/2022;;;;;0;234;0.28;0.37;0.97;2.76;1.05;0.28;3.75;40;20;0.94;3.53;0.33;0.49;0.44;0.76;0.48;37;;0.4;0.13;68;2.34;1.35;;1.92;1.67;;0.706;0.534;1.359;0.289;0.14;281;551;44.63554;0;7;128;10;385;10536;9371;129.06;88.6143;109.697;37.39052698;70.35651627;5.393057797;6.924407668;0.672508144;183.3144266;40.44785708;3.967792802;1.209;1.095262884;0.954656863;0.555419473;0.622096317;1.242057489;0.531013616;225;231;244;249;253;258;274;284;281;278;281
43;T90+IM;5;03/05/2022;30/06/2022;11/07/2022;03/09/2022;03/09/2022;06/09/2022;;13/09/2022;;;;;;;;;;;;;;;;;;;;;;;;;;;;;;;;;;0.765;0.572;1.413;0.29;0.123;237;1515;69.44153;0;7;132;10.8;371;9097;6400;132.307;109.983;121.253;37.88209073;70.6837868;13.14597967;8.736937917;1.428854895;199.9605496;44.58884539;1.025829455;1.143;1.389854392;1.463541667;0.498141264;1.131343284;1.110970996;0.96406053;204;205;222;228;227;235;230;238;237;241;245
44;T60+IM;5;03/05/2022;30/06/2022;11/07/2022;04/09/2022;;06/09/2022;;13/09/2022;;;;;;;;;;;;;;;;;;;;;;;;;;;;;;;;;;0.728;;1.278;0.268;0.133;232;1555;;0;7;111;7.5;314;8197;6027;107.278;85.4539;97.351;37.98055601;89.67669371;23.29850997;16.03303009;1.939106385;218.5990131;38.17099076;0.56837619;0.794;1.243317972;0.515977844;0.391087207;0.646848989;0.706943192;1.126239856;197;208;209;211;224;222;227;230;232;233;241
45;SHAM;5;03/05/2022;30/06/2022;;03/09/2022;03/09/2022;06/09/2022;;13/09/2022;;;;;;;;;;;;;;;;;;;;;;;;;;;;;;;;;;0.705;0.553;1.29;0.276;0.141;273;1186;52.83831;0;7;117;8.2;316;7791;8264;116.213;84.2094;100.968;35.6169272;90.59561341;9.468388867;10.78214476;1.997254294;170.057221;40.16270745;8.598947871;0.878;0.9414162;0.942540854;0.567102138;1.111111111;0.56302996;0.690220464;215;222;234;244;245;256;258;266;273;271;270
46;T180+IM;5;04/05/2022;30/06/2022;11/07/2022;04/09/2022;;06/09/2022;;;;;;;;;;;;;;;;;;;;;;;;;;;;;;;;;;;;;;;;;282;1521;;1;1;;;;;;;;;;;;;;;;;;;;;;;;237;257;267;268;274;268;275;279;282;286;
47;T180+IM;5;04/05/2022;30/06/2022;11/07/2022;03/09/2022;03/09/2022;06/09/2022;;;;;;;;;;;;;;;;;;;;;;;;;;;;;;;;;;;;;;;;;232;1758;73.43598;1;1;;;;;;;;;;;;;;;;;;;;;;;;204;216;220;227;230;232;225;236;232;242;
48;T60+IM;5;04/05/2022;30/06/2022;11/07/2022;04/09/2022;;06/09/2022;;13/09/2022;;;;;;;;;;;;;;;;;;;;;;;;;;;;;;;;;;0.705;0.524;1.215;0.241;0.16;240;1486;;0;7;117;9;321;10350;9505;116.509;90.0861;104.314;41.06738447;78.8542697;10.61710325;7.1768494;1.722058504;;;;;;;;;;;192;205;217;222;238;231;241;240;240;247;249
49;T90+IM;5;04/05/2022;30/06/2022;11/07/2022;;;;;;;02/08/2022;não conseguia nadar;Ficava rodopiando na piscina ao invés de nadar, iria morrer afogada.;;;;;;;;;;;;;;;;;;;;;;;;;;;;;;;;;;;;;;;;;;;;;;;;;;;;;;;;;;;;;;;200;210;224;215;235;235;235;245;;250;
50;NT+IM;5;04/05/2022;30/06/2022;;04/09/2022;04/09/2022;06/09/2022;;;;;;;;;;;;;;;;;;;;;;;;;;;;;;;;;;;;;;;;;277;1006;;1;1;;;;;;;;;;;;;;;;;;;;;;;;222;240;246;254;265;267;269;276;277;283;
51;T90+IM;5;04/05/2022;30/06/2022;11/07/2022;03/09/2022;03/09/2022;06/09/2022;;13/09/2022;;;;;;;;;;;;;;;;;;;;;;;;;;;;;;;;;;0.809;0.613;1.565;0.32;0.123;282;1335;58.95752;0;7;104;10.4;326;8696;5328;103.641;80.8409;93.76;46.4495248;81.82251317;10.53708426;6.539522127;0.657360763;250.7201446;53.6156063;;0.767;0.288568773;0.67270318;0.509609785;0.476274165;0.888020833;0.694791667;228;241;254;253;261;256;265;279;282;289;272
52;SHAM;5;03/05/2022;30/06/2022;;03/09/2022;03/09/2022;06/09/2022;;13/09/2022;;;;;;;;;;;;;;;;;;;;;;;;;;;;;;;;;;0.683;0.534;1.028;0.227;0.133;238;1419;61.89882;0;7;125;7.9;350;9760;10355;123.52;97.1891;111.641;45.14262393;74.72218282;10.46066987;8.578019202;1.548589777;198.9303793;41.73318108;1.336281985;0.841;1.081053698;1.020179372;0.367207515;0.795963142;0.930344828;1.324827586;194;207;212;215;220;222;231;232;238;239;240
53;NT+IM;5;03/05/2022;30/06/2022;;03/09/2022;03/09/2022;06/09/2022;;13/09/2022;;;;;;;;;;;;;;;;;;;;;;;;;;;;;;;;;;0.759;0.578;1.392;0.292;0.147;247;895;44.5611;0;7;119;10;427;10735;7558;121.103;93.1313;108.212;40.40380128;72.62987299;8.643822842;5.899827608;1.925362954;149.9042171;23.12691629;0.062526268;1.043;1.466024612;0.872925014;0.629895201;0.706221198;0.715184187;0.592542677;213;226;227;221;234;237;238;244;247;243;253
54;T60+IM;5;03/05/2022;30/06/2022;11/07/2022;04/09/2022;;06/09/2022;;;;;;;;;;;;;;;;;;;;;;;;;;;;;;;;;;;;;;;;;255;1252;;1;1;;;;;;;;;;;;;;;;;;;;;;;;202;213;226;228;239;241;246;249;255;261;
55;T60+IM;6;19/05/2022;14/07/2022;25/07/2022;18/09/2022;;20/09/2022;26/09/2022;27/09/2022;;;;;0;200;0.31;0.62;0.62;1.59;0.97;0.23;4.217391304;43;27;0.65;1.69;0.38;0.58;0.6;0.86;0.59;31;40;0.66;0.49;26;2.96;2.49;1.14;2.24;2.05;0.96;0.87;0.653;1.462;0.302;0.184;275;1107;;0;7;111;9;369;9949;6419;107.513;79.4361;95.0109;39.84727897;81.03141875;10.08211924;7.323300667;1.968733632;211.7396361;35.91485894;2.461860679;;;;;;;;236;243;247;256;260;257;273;273;275;284;271
56;T180+IM;6;19/05/2022;14/07/2022;25/07/2022;18/09/2022;;20/09/2022;;;;;;;;;;;;;;;;;;;;;;;;;;;;;;;;;;;;;;;;;256;1459;;1;1;;;;;;;;;;;;;;;;;;;;;;;;220;228;234;238;236;253;253;257;256;265;
57;T90+IM;6;19/05/2022;14/07/2022;25/07/2022;;;;;;;22/08/2022;morte por afogamento;Morreu afogada aos 60 min da 23º sessão de treinamento;;;;;;;;;;;;;;;;;;;;;;;;;;;;;;;;;;;;;;;;;;;;;;;;;;;;;;;;;;;;;;;218;227;236;246;242;;;;;;
58;SHAM;6;21/05/2022;14/07/2022;;17/09/2022;;20/09/2022;26/09/2022;27/09/2022;;;;;0;220;0.31;0.39;0.94;3.53;0.8;0.18;4.444444444;23;23;0.84;2.82;0.34;0.46;0.38;0.66;0.4;39;;0.4;0.11;73;2.3;1.28;;1.8;1.05;;0.643;0.488;1.261;0.259;0.145;225;1147;;0;7;113;9.1;329;12682;7493;114.152;72.6129;92.5695;41.03423543;65.22711712;13.23458361;10.58251584;1.839849867;;;;;;;;;;;185;188;205;208;216;213;228;229;225;230;228
59;T60+IM;6;21/05/2022;14/07/2022;25/07/2022;17/09/2022;;20/09/2022;26/09/2022;27/09/2022;;;;;1;231;0.24;0.73;0.82;2.76;1.1;0.23;4.782608696;30;27;0.6;1.49;0.36;0.62;0.76;0.86;0.48;44;35;0.81;0.46;43;3.25;2.46;1.09;2.14;1.37;0.78;0.988;0.756;1.354;0.279;0.151;241;1482;;0;7;102;12.6;331;7308;5495;98.7164;59.8714;80.4751;24.42423711;66.67567016;21.40620039;3.75169021;1.397070382;;;;0.833;0.921052632;0.097165992;0.561126374;0.731802912;0.815771584;1.374575119;200;216;224;229;226;233;245;246;241;246;254
60;T90+IM;6;21/05/2022;14/07/2022;25/07/2022;18/09/2022;;20/09/2022;;;;;;;;;;;;;;;;;;;;;;;;;;;;;;;;;;;;;;;;;259;1433;;1;1;;;;;;;;;;;;;;;;;;;;;;;;209;223;230;238;239;247;257;257;259;261;
61;T60+IM;6;20/05/2022;14/07/2022;25/07/2022;17/09/2022;;20/09/2022;26/09/2022;27/09/2022;;;;;0;196;0.29;0.49;0.55;1.25;0.9;0.15;6;40;20;0.65;2.31;0.39;0.59;0.51;1.02;0.57;44;36;0.5;0.21;58;2.58;1.94;0.88;1.81;1.51;0.72;0.821;0.618;1.398;0.295;0.167;249;1299;;0;7;143;11.7;307;11257;7885;144.674;116.38;130.294;29.33198124;65.92178629;14.94686423;1.806161443;1.974503895;237.0166614;36.23309971;4.748508191;0.962;1.045389393;0.943804035;0.551807229;0.534167469;0.881543922;0.680567879;207;218;229;239;242;243;254;263;249;266;251
62;T90+IM;6;20/05/2022;14/07/2022;25/07/2022;18/09/2022;;20/09/2022;;;;;;;;;;;;;;;;;;;;;;;;;;;;;;;;;;;;;;;;;271;1216;;1;3;;;;;;;;;;;;;;;;;;;;;;;;219;229;249;256;258;259;261;269;271;271;
63;T180+IM;6;20/05/2022;14/07/2022;25/07/2022;17/09/2022;;20/09/2022;26/09/2022;27/09/2022;;;;;0;261;0.28;0.62;0.8;2.56;0.85;0.27;3.148148148;40;23;0.77;2.43;0.32;0.63;0.54;0.91;0.61;33;35;0.63;0.46;27;2.87;2.46;1;2.15;1.55;0.76;0.827;0.643;1.499;0.323;0.161;251;1625;;0;7;133;9.7;376;10768;7722;132.401;109.304;121.705;24.22580978;49.66926864;17.73399548;2.660488557;1.89465025;;;;1.034;0.923988154;1.426115242;0.348821082;0.939753537;0.983119514;1.467927076;219;226;240;235;247;261;253;259;251;262;266
64;NT+IM;6;21/05/2022;14/07/2022;;17/09/2022;;20/09/2022;26/09/2022;27/09/2022;;;;;0;237;0.3;0.49;0.69;1.96;0.66;0.2;3.3;40;20;0.77;2.37;0.34;0.59;0.58;0.78;0.54;31;37;0.46;0.25;46;2.46;1.83;0.99;2.06;1.59;0.7;0.731;0.521;1.212;0.251;0.163;235;1017;;0;7;115;13.3;357;10157;7042;115.756;89.7078;103.89;20.34585256;50.9155833;9.775528345;0.661031492;1.005583797;264.7283521;37.13932306;3.802927727;1.114;1.254545455;0.779477374;0.679883946;0.409529942;0.656862745;0.670588235;190;197;214;218;225;229;242;240;235;251;234
65;SHAM;6;21/05/2022;14/07/2022;;18/09/2022;;20/09/2022;26/09/2022;28/09/2022;;;;;0;222;0.3;0.47;0.81;2.62;0.8;0.18;4.444444444;60;23;0.7;1.96;0.33;0.53;0.48;0.72;0.43;40;;0.45;0.11;76;2.41;1.27;;1.86;1.04;;0.64;0.512;1.06;0.234;0.149;227;970;;0;7;125;7.96;283;9898;8973;124.01;83.9411;105.241;24.85846106;73.5871843;12.99651131;4.566811038;2.692594678;204.5608761;31.69987869;4.110787269;1.095;0.632745592;0.766066838;0.517532742;0.807535642;1.134128878;0.730310263;176;190;203;205;208;213;223;224;227;236;239
66;NT+IM;6;21/05/2022;14/07/2022;;17/09/2022;;20/09/2022;26/09/2022;27/09/2022;;;;;0;265;0.25;0.67;0.72;2.07;0.68;0.33;2.060606061;27;27;0.72;2.07;0.34;0.63;0.54;0.94;0.78;17;36;0.52;0.33;37;2.61;2.15;1.03;2.09;1.34;0.64;0.753;0.561;1.229;0.264;0.169;276;1039;;0;7;130;6.28;426;11213;9286;134.555;115.846;126.402;21.21991413;59.09581108;13.34238444;0.431525667;1.137333414;334.7161315;35.23326221;3.133866482;1.328;1.004204893;1.036891294;0.564646036;0.590663391;1.397893031;0.569692058;212;235;245;250;250;268;277;277;276;283;270
67;SHAM;7;06/06/2022;04/08/2022;;08/10/2022;08/10/2022;11/10/2022;;19/10/2022;;;;;;;;;;;;;;;;;;;;;;;;;;;;;;;;;;0.764;0.584;1.58;0.318;0.163;272;838;44.73048;0;7;138;9;395;11037;11113;133.936;112.648;125.209;37.15560828;80.38038397;18.46148041;5.54977504;0.783300558;253.5970104;42.466986;2.672715299;1.503;0.818717277;0.649165849;0.394117647;0.731563422;0.932852386;0.706992231;235;243;243;263;265;277;270;276;272;280;276
68;T60+IM;7;06/06/2022;04/08/2022;15/08/2022;08/10/2022;08/10/2022;11/10/2022;;18/10/2022;;;;;;;;;;;;;;;;;;;;;;;;;;;;;;;;;;0.813;0.597;1.517;0.31;0.176;262;1361;64.24624;0;7;103;6.5;384;10108;7131;101.339;76.6265;90.1572;14.37373255;72.94174851;14.9984573;4.366338188;;;;;;;;;;;;227;225;225;244;245;258;259;266;262;276;273
69;NT+IM;7;06/06/2022;04/08/2022;;09/10/2022;09/10/2022;11/10/2022;;18/10/2022;;;;;;;;;;;;;;;;;;;;;;;;;;;;;;;;;;0.759;0.565;1.107;0.233;0.156;244;916;46.25537;0;7;126;15;266;9015;8868;142.403;105.285;123.305;29.59991561;67.87805941;17.38861395;3.471340987;2.091577873;272.9294127;43.82033636;1.567455709;0.92;0.556594949;1.221948819;0.461085973;0.857420925;1.026683609;0.99047014;207;223;226;235;234;250;246;244;244;243;246
70;T90+IM;7;06/06/2022;04/08/2022;15/08/2022;09/10/2022;09/10/2022;11/10/2022;;18/10/2022;;;;;;;;;;;;;;;;;;;;;;;;;;;;;;;;;;0.869;0.664;1.406;0.298;0.148;251;1206;50.45493;0;7;121;14.8;342;8471;6092;122.907;94.8306;109.291;27.65133549;68.3641975;13.81883864;2.773160293;0.730328993;273.8739964;34.97133272;;0.729;1.449573507;0.970588235;0.383236217;0.63221737;1.244112769;0.477943615;231;237;238;243;240;248;254;248;251;256;257
71;T90+IM;7;06/06/2022;04/08/2022;15/08/2022;09/10/2022;09/10/2022;11/10/2022;;18/10/2022;;;;;;;;;;;;;;;;;;;;;;;;;;;;;;;;;;0.848;0.638;1.292;0.267;0.156;261;1219;53.43946;0;7;133;8.4;353;8855;9497;129.089;107.331;119.294;28.4365274;75.68691012;10.48024439;7.91779872;0.977672635;238.5245802;40.56954369;0.112498676;0.759;1.249860569;0.95407914;0.431836735;0.865125241;0.816048035;0.868995633;228;236;247;250;260;260;263;270;261;265;275
72;T180+IM;7;06/06/2022;04/08/2022;15/08/2022;09/10/2022;09/10/2022;11/10/2022;;18/10/2022;;;;;;;;;;;;;;;;;;;;;;;;;;;;;;;;;;0.795;0.589;1.116;0.224;0.165;233;1291;56.41019;0;7;128;7.8;323;8097;7340;129.813;104.179;116.818;22.4041018;65.28197839;9.435055346;5.557804092;1.001549655;214.660488;36.91916781;5.491822815;1.021;0.65530303;0.876897133;0.569284065;0.669309173;1.144;0.757866667;206;209;214;221;228;228;229;232;233;240;236
73;NT+IM;7;06/06/2022;04/08/2022;;08/10/2022;08/10/2022;11/10/2022;;19/10/2022;;;;;;;;;;;;;;;;;;;;;;;;;;;;;;;;;;0.735;0.551;1.136;0.222;0.141;252;1046;55.40867;0;7;108;14.7;379;8850;5941;107.396;74.3497;92.2392;24.66511543;73.51731823;15.82693659;5.887199741;1.048356587;;;;;;;;;;;195;207;222;232;237;241;245;255;252;252;263
74;T60+IM;7;06/06/2022;04/08/2022;15/08/2022;09/10/2022;09/10/2022;11/10/2022;;18/10/2022;;;;;;;;;;;;;;;;;;;;;;;;;;;;;;;;;;0.792;0.609;1.278;0.265;0.171;249;1070;55.31268;0;7;118;8.7;388;8903;7378;115.342;96.2906;107.364;28.01303159;69.62931215;13.10782538;6.060305676;1.085350031;208.1795409;55.53116058;2.175865727;1.061;0.978372812;1.130750605;0.429164744;1.047413793;0.503094607;0.718832891;215;226;233;241;242;245;254;254;249;253;260
75;T90+IM;7;06/06/2022;04/08/2022;15/08/2022;08/10/2022;08/10/2022;11/10/2022;;18/10/2022;;;;;;;;;;;;;;;;;;;;;;;;;;;;;;;;;;0.83;0.62;1.233;0.252;0.167;259;1240;64.61693;0;7;126;9.5;392;12082;9161;127.146;102.231;115.494;24.25888963;76.26922545;17.84795118;7.140960767;0.262919472;176.4665234;23.80858435;2.010046116;1.099;0.722054381;0.889826303;0.493734336;0.736580517;1.074701195;0.819223108;220;227;233;234;247;245;259;259;259;271;263
76;T180+IM;7;05/06/2022;04/08/2022;15/08/2022;08/10/2022;08/10/2022;11/10/2022;;18/10/2022;;;;;;;;;;;;;;;;;;;;;;;;;;;;;;;;;;0.843;0.611;1.321;0.267;0.161;257;1538;72.37628;0;7;116;11;305;9900;7544;109.935;79.2152;96.2247;21.71122504;75.60179328;16.92581862;4.38869797;0.633641939;153.6005998;33.39566716;2.691326985;1.045;1.04005168;0.726072607;0.496841155;0.699003322;1.571428571;0.765090543;226;235;241;256;252;267;259;268;257;266;269
77;T60+IM;7;05/06/2022;04/08/2022;15/08/2022;08/10/2022;08/10/2022;11/10/2022;;18/10/2022;;;;;;;;;;;;;;;;;;;;;;;;;;;;;;;;;;0.854;0.652;1.515;0.306;0.156;264;1415;67.41496;0;7;112;14;312;9822;6289;104.533;64.8029;86.4158;24.31734369;59.87666301;13.90894735;1.919127576;0.582612138;254.1505301;34.01563269;0.284493881;0.881;0.762240501;0.943048576;0.66552901;0.495706926;1.590227383;0.688921142;231;243;246;254;250;261;264;268;264;275;273
78;SHAM;7;05/06/2022;04/08/2022;;09/10/2022;09/10/2022;11/10/2022;;19/10/2022;;;;;;;;;;;;;;;;;;;;;;;;;;;;;;;;;;0.776;0.609;1.058;0.219;0.15;282;883;49.94647;0;7;126;8.2;367;13376;8710;117.095;86.0693;102.44;29.13371333;55.67108124;10.24220615;2.686803628;0.813715113;177.813333;40.86303902;1.168838344;;;;;;;;229;247;257;261;255;272;282;279;282;282;297
79;NT+IM;8;19/06/2022;18/08/2022;;23/10/2022;23/10/2022;25/10/2022;31/10/2022;03/11/2022;;;;;0;237;0.25;0.52;0.74;2.25;0.9;;;47;60;0.5;1.04;0.34;0.58;0.65;0.92;0.68;26;44;0.59;0.4;32;2.83;2.35;1.23;1.88;1.66;0.85;;;;;;282;1127;55.86992;0;7;113;7.9;367;11025;6650;114.821;86.575;102.296;30.18365075;63.72856324;12.67293692;3.200688075;0.768876074;226.2252622;41.9127977;;1.125;0.975295381;1.15520728;0.48690205;0.796875;0.776231884;0.782028986;233;244;264;269;272;277;276;280;282;286;274
80;T90+IM;8;19/06/2022;18/08/2022;29/08/2022;23/10/2022;23/10/2022;25/10/2022;;;;;;;;;;;;;;;;;;;;;;;;;;;;;;;;;;;;;;;;;258;1570;62.71333;1;1;;;;;;;;;;;;;;;;;;;;;;;;231;235;244;258;253;259;247;250;258;263;
81;SHAM;8;19/06/2022;18/08/2022;;22/10/2022;22/10/2022;25/10/2022;31/10/2022;01/11/2022;;;;;0;217;0.26;0.57;0.78;2.5;0.99;;;60;27;0.7;1.96;0.33;0.53;0.44;0.78;0.47;40;;0.47;0.23;51;2.51;1.75;;2.01;1.38;;0.716;0.548;1.054;0.223;0.176;265;1129;54.49159;0;7;113;6.85;340;11326;9126;110.337;73.9277;93.8425;30.05975826;63.87106851;10.52305618;2.84077611;0.950306479;201.3237647;42.56360072;;1.235;1.813415574;1.015580156;0.480591497;0.670617082;0.839830907;0.642085486;222;239;241;249;253;264;265;267;265;269;277
82;T90+IM;8;20/06/2022;18/08/2022;29/08/2022;23/10/2022;23/10/2022;25/10/2022;31/10/2022;01/11/2022;;;;;0;243;0.27;0.71;0.52;1.12;0.7;0.15;4.666666667;47;23;0.55;1.25;0.37;0.71;0.82;0.94;0.85;10;41;0.8;0.53;34;3.24;2.65;1.2;2.19;1.99;1.04;0.895;0.649;1.148;0.231;0.181;288;1423;67.68507;0;7;105;17.5;333;7134;5111;105.438;75.2698;91.6627;25.71772793;57.04370199;11.3292645;0.802555052;0.553239113;221.284197;43.59765511;4.584139713;;;;;;;;247;256;270;273;286;281;274;293;288;297;300
83;NT+IM;8;20/06/2022;18/08/2022;;22/10/2022;22/10/2022;25/10/2022;31/10/2022;01/11/2022;;;;;0;212;0.26;0.57;0.42;0.7;0.65;0.13;5;43;30;0.53;1.17;0.36;0.53;0.46;0.82;0.63;23;42;0.58;0.38;34;2.8;2.25;1.12;1.88;1.54;0.85;0.692;0.522;0.901;0.186;0.154;264;921;49.98252;0;7;114;11.7;302;7573;5979;114.601;88.8981;101.868;29.7136493;57.88104687;9.110221887;3.561452031;0.656591104;220.9558117;44.93530239;1.21526254;;;;;;;;221;241;237;251;256;263;258;264;264;269;265
84;NT+IM;8;20/06/2022;18/08/2022;;22/10/2022;22/10/2022;25/10/2022;31/10/2022;01/11/2022;;;;;0;243;0.29;0.5;0.56;1.25;0.79;0.21;3.761904762;50;33;0.63;1.59;0.32;0.61;0.62;0.96;0.8;17;38;0.68;0.37;46;3.06;2.27;1.03;2.04;1.65;0.89;0.82;0.603;1.719;0.351;0.172;260;1130;58.80409;0;7;95;15.2;346;5939;4653;92.9437;71.0619;83.1509;28.35872994;80.47643053;15.97057684;5.879396137;1.064044786;306.2841111;43.49579583;1.780818206;;;;;;;;215;230;230;233;246;254;253;253;260;266;256
85;T180+IM;8;20/06/2022;18/08/2022;29/08/2022;23/10/2022;23/10/2022;25/10/2022;31/10/2022;03/11/2022;;;;;0;247;0.31;0.48;0.65;1.69;0.58;0.45;1.288888889;43;30;0.64;1.64;0.34;0.5;0.39;0.69;0.49;29;43;0.5;0.26;48;2.55;1.87;1.05;2.01;1.52;0.93;;;;;;257;1517;64.84208;0;7;124;3.6;332;10128;6966;119.269;88.7829;105.061;25.60307706;68.21214778;13.94357013;5.075056731;0.574019501;232.7496946;28.75177181;;1.357;1.54676259;0.634846114;0.624913495;0.57864282;1.128313892;0.901378579;219;230;237;257;246;247;259;256;257;256;237
86;T90+IM;8;20/06/2022;18/08/2022;29/08/2022;23/10/2022;23/10/2022;25/10/2022;31/10/2022;;;31/10/2022;morte por anestesia;Excluído da análise de mortalidade, morte no sexto dia após anestesia com suplementação com isoflurano no ECO3;;;;;;;;;;;;;;;;;;;;;;;;;;;;;;;;;;;260;1258;55.76359;;;;;;;;;;;;;;;;;;;;;;;;;;221;241;243;253;259;264;255;268;260;262;274
87;T60+IM;8;20/06/2022;18/08/2022;29/08/2022;23/10/2022;23/10/2022;25/10/2022;31/10/2022;01/11/2022;;;;;0;228;0.29;0.69;0.32;0.41;0.8;0.16;5;30;33;0.58;1.35;0.36;0.55;0.61;0.88;0.56;36;39;0.63;0.32;49;2.87;2.07;1.17;2.06;1.63;0.76;0.736;0.532;1.134;0.233;0.127;254;1300;64.53901;0;7;103;7.6;328;7506;5761;102.977;75.7299;90.6148;30.1241428;69.98293251;18.32682202;2.865077495;0.21457603;239.8962491;43.14561849;;0.781;1.016974538;1.267733333;0.547619048;0.576696954;0.974487244;0.762881441;215;226;236;252;235;256;250;258;254;261;263
88;SHAM;8;19/06/2022;18/08/2022;;22/10/2022;22/10/2022;25/10/2022;31/10/2022;01/11/2022;;;;;1;198;0.29;0.61;0.65;1.69;0.96;0.19;5.052631579;33;20;0.66;1.74;0.29;0.48;0.45;0.72;0.49;32;;0.44;0.18;59;2.38;1.6;;1.53;0.82;;0.601;0.472;1.105;0.23;0.127;235;1163;51.60329;0;7;117;1.4;333;11312;10705;116.007;78.8455;98.7296;26.85780584;62.40597342;11.6099478;3.636621872;0.540573504;240.7653321;32.71872046;;;;;;;;;194;207;209;220;225;231;229;237;235;238;238
89;T60+IM;8;19/06/2022;18/08/2022;29/08/2022;22/10/2022;22/10/2022;25/10/2022;31/10/2022;03/11/2022;;;;;0;243;0.29;0.43;0.44;0.81;0.66;0.17;3.882352941;33;27;0.42;0.74;0.36;0.64;0.66;0.73;0.5;32;46;0.5;0.33;34;2.57;2.08;1.15;2.11;1.77;0.98;;;;0.242;;215;1602;67.75302;0;7;94;6.8;354;7276;5459;94.4805;72.8774;84.7743;27.26670202;60.33707886;11.54876707;3.046357912;0.946270518;164.5669596;35.93311355;;0.869;1.107772436;0.902901354;0.496347699;0.943820225;0.618705036;0.633093525;187;196;199;215;214;221;215;224;215;225;221
90;T180+IM;8;19/06/2022;18/08/2022;29/08/2022;22/10/2022;22/10/2022;25/10/2022;31/10/2022;03/11/2022;;;;;0;243;0.33;0.59;0.55;1.25;0.87;0.21;4.142857143;33;17;0.48;0.92;0.31;0.61;0.65;0.75;0.52;31;39;0.61;0.44;28;2.85;2.48;1.06;2.39;1.98;0.99;;;;0.243;;258;1388;70.08498;0;7;123;11.5;334;9353;6025;123.774;97.5181;110.752;34.01211188;73.25816847;13.75759254;3.612046957;0.339917317;156.427621;29.65457365;;1.003;0.949456976;1.222775014;0.537353735;0.889502762;1.120904476;0.65943701;219;228;232;246;255;258;251;258;258;262;261
91;T60+IM;9;24/07/2022;22/09/2022;03/10/2022;26/11/2022;26/11/2022;29/11/2022;;;;;;;;;;;;;;;;;;;;;;;;;;;;;;;;;;;;;;;;;211;1551;67.99142;1;1;;;;;;;;;;;;;;;;;;;;;;;;185;190;190;200;201;202;213;219;211;215;
92;NT+IM;9;24/07/2022;22/09/2022;;27/11/2022;27/11/2022;29/11/2022;05/12/2022;06/12/2022;;;;;1;240;0.26;0.57;0.63;1.59;0.65;0.37;1.756756757;30;23;0.56;1.25;0.31;0.44;0.35;0.75;0.49;35;37;0.5;0.29;42;2.56;2.02;0.99;1.71;1.15;0.58;0.68;0.54;0.9;0.168;0.12;208;1236;51.93731;0;7;114;16.1;406;9628;6281;116.754;89.3173;104.26;;;;;;;;;;;;;;;;178;184;190;194;195;203;208;205;208;212;214
93;SHAM;9;24/07/2022;22/09/2022;;27/11/2022;27/11/2022;29/11/2022;05/12/2022;06/12/2022;;;;;0;255;0.33;0.47;0.69;1.9;0.82;0.28;2.928571429;23;20;0.72;2.07;0.36;0.48;0.36;0.72;0.35;51;;0.41;0.23;44;2.33;1.79;;1.69;0.98;;0.69;0.51;0.85;0.17;;219;1153;53.98122;0;7;118;6;375;11554;9320;116.534;87.3496;103.758;;;;;;;;;;;;;;;;197;202;203;217;208;220;219;225;219;226;235
94;T180+IM;9;25/07/2022;22/09/2022;03/10/2022;27/11/2022;27/11/2022;29/11/2022;05/12/2022;;06/12/2022;;;;0;290;0.28;0.62;0.76;2.37;0.64;0.37;1.72972973;30;33;0.89;3.24;0.28;0.51;0.45;0.58;0.44;24;39;0.52;0.23;56;2.62;1.78;1.1;1.78;1.34;0.63;;;;;;237;1612;65.92349;0;7;;;;;;;;;;;;;;;;;;;;;;;;193;205;210;215;216;222;235;241;237;244;257
95;T90+IM;9;25/07/2022;22/09/2022;03/10/2022;27/11/2022;27/11/2022;29/11/2022;05/12/2022;06/12/2022;;;;;1;202;0.25;0.63;0.83;2.76;1.08;;;47;33;0.82;2.76;0.29;0.74;0.9;0.82;0.66;20;36;0.58;0.42;28;2.79;2.39;0.98;1.93;1.48;0.71;1.03;0.71;1.5;0.295;0.16;245;1650;76.11076;0;7;104;10.7;370;7472;5014;102.919;85.9008;95.4624;;;;;;;;;;;;;;;;227;225;234;241;233;240;255;256;245;255;264
96;SHAM;9;25/07/2022;22/09/2022;;26/11/2022;26/11/2022;29/11/2022;05/12/2022;06/12/2022;;;;;0;203;0.29;0.57;0.93;3.46;0.74;0.21;3.52;33;27;0.99;3.92;0.31;0.58;0.48;0.81;0.48;41;;0.42;0.21;50;2.29;1.7;;2.14;1.99;;0.655;0.52;0.94;0.189;0.12;214;1165;52.9156;0;7;132;7.3;308;13926;11971;131.399;95.4869;114.398;;;;;;;;;;;;;;;;184;187;195;204;201;210;214;220;214;221;222
97;T90+IM;9;25/07/2022;22/09/2022;03/10/2022;27/11/2022;27/11/2022;29/11/2022;05/12/2022;06/12/2022;;;;;0;273;0.2;0.58;0.66;1.74;0.99;0.21;4.714285714;37;27;0.81;2.69;0.27;0.55;0.57;0.86;0.64;26;41;0.6;0.35;42;2.82;2.18;1.21;1.71;1.17;0.64;0.82;0.64;1.2;0.224;0.17;243;1101;56.80284;0;7;95;21.6;336;6562;4731;95.3272;66.649;82.2307;;;;;;;;;;;;;;;;205;208;221;231;226;243;248;256;243;251;257
98;NT+IM;9;25/07/2022;22/09/2022;;26/11/2022;26/11/2022;29/11/2022;05/12/2022;06/12/2022;;;;;0;220;0.3;0.73;0.73;2.19;0.75;0.14;5.36;40;27;0.67;1.85;0.35;0.47;0.41;0.72;0.47;35;41;0.47;0.27;43;2.47;1.92;0.93;2.04;1.7;0.91;0.75;0.57;1.13;0.231;0.14;240;1265;58.76009;0;7;113;7.9;371;9646;8666;115.281;90.4092;103.846;;;;;;;;;;;;;;;;206;210;211;225;232;238;238;248;240;250;251
99;T60+IM;9;25/07/2022;22/09/2022;03/10/2022;27/11/2022;27/11/2022;29/11/2022;;;;;;;;;;;;;;;;;;;;;;;;;;;;;;;;;;;;;;;;;258;1746;69.74546;1;1;;;;;;;;;;;;;;;;;;;;;;;;218;230;236;247;242;250;258;267;258;266;
100;T90+IM;9;24/07/2022;22/09/2022;03/10/2022;26/11/2022;26/11/2022;29/11/2022;05/12/2022;;06/12/2022;;;;1;305;0.31;0.68;0.69;1.96;0.83;0.32;2.59;30;23;0.7;2.02;0.33;0.51;0.44;0.68;0.44;35;37;0.51;0.23;55;2.6;1.76;0.97;1.8;1.31;0.65;;;;;;243;1732;74.15552;0;7;;;;;;;;;;;;;;;;;;;;;;;;217;208;219;228;229;235;250;242;243;244;261
101;T180+IM;9;24/07/2022;22/09/2022;03/10/2022;26/11/2022;26/11/2022;29/11/2022;;;;;;;;;;;;;;;;;;;;;;;;;;;;;;;;;;;;;;;;;221;1717;73.42691;1;1;;;;;;;;;;;;;;;;;;;;;;;;196;194;210;220;221;230;229;223;221;228;
102;T180+IM;9;24/07/2022;22/09/2022;03/10/2022;26/11/2022;26/11/2022;29/11/2022;05/12/2022;06/12/2022;;;;;1;231;0.34;0.64;0.54;1.21;0.74;0.3;2.47;40;23;0.71;2.02;0.33;0.55;0.52;0.95;0.82;14;36;0.71;0.44;38;3.05;2.42;1.29;2.32;1.76;0.66;1.04;0.78;1.12;0.214;0.17;265;1587;64.22431;0;7;115;11.9;366;8684;6484;114.191;90.9092;104.483;;;;;;;;;;;;;;;;230;233;237;259;246;257;263;277;265;269;263
103;T60+IM;10;09/08/2022;06/10/2022;17/10/2022;11/12/2022;;13/12/2022;16/12/2022;;;;;;0;228;0.31;0.63;0.9;3.31;0.75;0.32;2.34;53;20;0.94;3.53;0.35;0.64;0.6;0.71;0.48;32;42;0.44;0.19;31;2.44;1.67;1.05;1.62;1.12;0.7;;;;;;;1093;;0;7;;;;;;;;;;;;;;;;;;;;;;;;224;232;242;254;264;264;268;259;264;271;274
104;T90+IM;10;09/08/2022;06/10/2022;17/10/2022;10/12/2022;;13/12/2022;16/12/2022;;22/12/2022;;;;0;225;0.28;0.64;0.68;1.9;0.62;0.26;2.38;50;23;0.71;2.02;0.32;0.47;0.38;0.77;0.39;49;41;0.58;0.4;31;2.81;2.38;1.15;2.01;1.4;0.81;;;;;;;1481;;0;7;;;;;;;;;;;;;;;;;;;;;;;;213;227;227;227;237;260;244;253;239;251;257
105;T60+IM;10;09/08/2022;06/10/2022;17/10/2022;10/12/2022;;13/12/2022;;;;;;;;;;;;;;;;;;;;;;;;;;;;;;;;;;;;;;;;;;1477;;1;1;;;;;;;;;;;;;;;;;;;;;;;;215;223;234;243;254;253;260;260;258;258;
106;T90+IM;10;10/08/2022;06/10/2022;17/10/2022;11/12/2022;;13/12/2022;16/12/2022;;26/12/2022;;;;0;277;0.28;0.58;0.83;2.76;0.97;0.57;1.7;27;30;0.93;3.46;0.35;0.56;0.44;0.76;0.54;29;43;0.35;0.3;14;2.21;1.99;0.87;1.62;1.15;0.79;;;;;;;1376;;0;7;;;;;;;;;;;;;;;;;;;;;;;;200;214;220;219;236;235;242;238;237;239;244
107;T90+IM;10;10/08/2022;06/10/2022;17/10/2022;10/12/2022;;13/12/2022;16/12/2022;;22/12/2022;;;;0;240;0.24;0.44;0.68;1.9;0.83;0.35;2.37;47;33;0.75;2.25;0.33;0.57;0.5;0.66;0.48;27;38;0.52;0.38;27;2.62;2.31;0.99;2.1;1.31;0.81;;;;;;;1302;;0;7;;;;;;;;;;;;;;;;;;;;;;;;219;234;227;240;244;243;259;249;246;256;253
108;T60+IM;10;10/08/2022;06/10/2022;17/10/2022;10/12/2022;;13/12/2022;16/12/2022;;;;;;0;231;0.26;0.57;0.71;2.02;0.74;0.25;2.96;43;20;0.77;2.37;0.34;0.53;0.52;0.8;0.48;40;39;0.55;0.34;38;2.72;2.15;0.93;1.61;1.36;0.76;;;;;;;1500;;0;7;;;;;;;;;;;;;;;;;;;;;;;;227;248;250;259;276;277;278;271;274;285;287
109;T180+IM;10;11/08/2022;06/10/2022;17/10/2022;11/12/2022;;13/12/2022;;;;;;;;;;;;;;;;;;;;;;;;;;;;;;;;;;;;;;;;;;1485;;1;1;;;;;;;;;;;;;;;;;;;;;;;;208;226;226;233;251;251;273;254;263;264;
110;T180+IM;10;11/08/2022;06/10/2022;17/10/2022;11/12/2022;;13/12/2022;;;;;;;;;;;;;;;;;;;;;;;;;;;;;;;;;;;;;;;;;;1610;;1;1;;;;;;;;;;;;;;;;;;;;;;;;213;227;222;236;238;248;261;247;248;248;
111;NT+IM;10;11/08/2022;06/10/2022;;10/12/2022;;13/12/2022;16/12/2022;;;;;;0;281;0.26;0.5;0.71;2.07;0.88;0.39;2.26;40;20;0.66;1.8;0.35;0.54;0.48;0.75;0.41;45;42;0.49;0.29;41;2.55;2.03;1.02;1.74;1.31;0.79;;;;;;;981;;0;7;;;;;;;;;;;;;;;;;;;;;;;;198;204;213;223;230;230;246;252;247;246;241
112;NT+IM;10;10/08/2022;06/10/2022;;10/12/2022;;13/12/2022;16/12/2022;;;;;;0;286;0.3;0.63;0.71;2.07;0.72;0.32;2.25;33;23;0.67;1.85;0.27;0.6;0.48;0.62;0.41;34;41;0.36;0.1;72;2.15;1.27;1.02;1.58;1.25;0.51;;;;;;;945;;0;7;;;;;;;;;;;;;;;;;;;;;;;;204;226;220;227;227;239;251;248;244;242;240
113;SHAM;10;10/08/2022;06/10/2022;;11/12/2022;;13/12/2022;16/12/2022;;;;;;0;231;0.44;0.61;0.74;2.19;0.89;0.22;4.05;47;27;0.65;1.69;0.36;0.48;0.35;0.63;0.43;32;;0.36;0.13;64;2.16;1.37;;1.51;0.74;;;;;;;;1002;;0;7;;;;;;;;;;;;;;;;;;;;;;;;192;212;204;217;222;229;241;241;239;233;238
114;SHAM;10;10/08/2022;06/10/2022;;11/12/2022;;13/12/2022;16/12/2022;;;;;;0;257;0.28;0.4;0.86;2.96;0.77;0.36;2.14;50;27;0.89;3.17;0.36;0.45;0.33;0.71;0.53;25;;0.46;0.18;61;2.45;1.56;;1.65;1.44;;;;;;;;910;;0;7;;;;;;;;;;;;;;;;;;;;;;;;214;223;232;243;253;250;269;274;263;258;266
115;T90+IM;11;16/11/2022;17/01/2023;23/01/2023;18/03/2023;;21/03/2023;24/03/2023;;31/03/2023;;;;0;269;0.29;0.64;0.52;1.12;1.01;0.16;6.3125;33;20;0.7;2.02;0.23;0.63;0.51;0.9;0.75;16.66666667;48.71794872;0.57;0.46;19.29824561;2.76;2.46;1.34;1.92;1.49;0.94;;;;;;;1533;;0;7;;;;;;;;;;;;;;;;;;;;;;;;214;215;233;239;243;236;250;248;245;234;233
116;T180+IM;11;16/11/2022;17/01/2023;23/01/2023;18/03/2023;;21/03/2023;24/03/2023;;28/03/2023;;;;0;290;0.31;0.66;0.78;2.5;1.02;0.3;3.4;40;23;0.78;2.43;0.34;0.57;0.62;0.8;0.63;21.25;40;0.38;0.16;57.89473684;2.26;1.48;0.95;1.14;0.8;0.41;;;;;;;1078;;0;7;;;;;;;;;;;;;;;;;;;;;;;;193;202;213;229;224;240;245;254;241;229;243
117;T90+IM;11;16/11/2022;17/01/2023;23/01/2023;18/03/2023;;21/03/2023;24/03/2023;;;;;;0;247;0.24;0.69;0.76;2.31;0.8;0.16;5;57;30;0.91;3.39;0.27;0.63;0.59;0.85;0.69;18.82352941;42.94354839;0.65;0.56;13.84615385;3;2.69;1.38;1.96;1.61;0.75;;;;;;;1357;;0;7;;;;;;;;;;;;;;;;;;;;;;;;210;225;235;241;239;247;245;261;253;257;248
118;T90+IM;11;15/11/2022;17/01/2023;23/01/2023;18/03/2023;;21/03/2023;;;;;;;;;;;;;;;;;;;;;;;;;;;;;;;;;;;;;;;;;;1397;;1;1;;;;;;;;;;;;;;;;;;;;;;;;204;208;231;240;238;245;241;243;229;245;
119;T180+IM;11;15/11/2022;17/01/2023;23/01/2023;18/03/2023;;21/03/2023;24/03/2023;;28/03/2023;;;;0;269;0.29;0.57;0.74;2.25;1.07;0.2;5.35;30;17;0.78;2.43;0.28;0.63;0.55;0.81;0.54;33.33333333;39.71962617;0.5;0.27;46;2.63;1.94;1.16;1.65;1.14;0.54;;;;;;;1578;;0;7;;;;;;;;;;;;;;;;;;;;;;;;205;218;221;230;233;227;236;228;234;253;219
120;T180+IM;11;15/11/2022;17/01/2023;23/01/2023;18/03/2023;;21/03/2023;24/03/2023;;31/03/2023;;;;0;290;0.29;0.64;0.68;1.9;0.72;0.19;3.789473684;27;20;0.63;1.59;0.35;0.53;0.54;0.75;0.45;40;42.07188161;0.57;0.29;49.12280702;2.78;1.98;1.15;1.95;1.51;0.84;;;;;;;1199;;0;7;;;;;;;;;;;;;;;;;;;;;;;;223;246;233;255;247;251;261;255;257;241;240
121;T180+IM;12;25/11/2022;26/01/2023;06/02/2023;;;;;;;20/03/2023;doença;doença, perdeu mais de 50 gramas, não tomava água nem comia;;;;;;;;;;;;;;;;;;;;;;;;;;;;;;;;;;;;;;;;;;;;;;;;;;;;;;;;;;;;;;;244;261;256;260;242;254;198;;;;
122;T90+IM;12;25/11/2022;26/01/2023;06/02/2023;01/04/2023;;04/04/2023;;;11/04/2023;;;;;;;;;;;;;;;;;;;;;;;;;;;;;;;;;;;;;;;1568;;0;7;;;;;;;;;;;;;;;;;;;;;;;;223;236;242;240;248;238;244;225;229;249;249
123;T90+IM;12;25/11/2022;26/01/2023;06/02/2023;01/04/2023;;04/04/2023;;;11/04/2023;;;;;;;;;;;;;;;;;;;;;;;;;;;;;;;;;;;;;;;1317;;0;7;;;;;;;;;;;;;;;;;;;;;;;;211;223;228;242;245;246;249;241;241;254;246
124;T90+IM;12;26/11/2022;26/01/2023;06/02/2023;01/04/2023;;04/04/2023;;;11/04/2023;;;;;;;;;;;;;;;;;;;;;;;;;;;;;;;;;;;;;;;1349;;0;7;;;;;;;;;;;;;;;;;;;;;;;;221;233;240;245;252;240;239;238;237;248;256
125;T180+IM;12;26/11/2022;26/01/2023;06/02/2023;;;;;;;14/03/2023;morte por afogamento;morreu afogado;;;;;;;;;;;;;;;;;;;;;;;;;;;;;;;;;;;;;;;;;;;;;;;;;;;;;;;;;;;;;;;217;229;228;244;238;230;;;;;
126;T180+IM;12;26/11/2022;26/01/2023;06/02/2023;;;;;;;10/02/2023;não conseguia nadar;Não conseguia nadar (pata traseira ferida), afundava frequentemente e tinha dificuldade de retornar para superfície mesmo sem peso;;;;;;;;;;;;;;;;;;;;;;;;;;;;;;;;;;;;;;;;;;;;;;;;;;;;;;;;;;;;;;;218;;;;;;;;;;
127;T180+IM;13;07/12/2022;07/02/2023;13/02/2023;08/04/2023;;11/04/2023;14/04/2023;;20/04/2023;;;;1;257;0.3;0.4;0.71;2.02;0.84;0.18;4.666666667;0.33;30;0.75;2.31;0.35;0.7;0.74;0.83;0.54;34.93975904;36.91588785;0.53;0.24;54.71698113;2.63;1.85;1.03;1.65;1.16;0.55;;;;;;;1225;;0;7;;;;;;;;;;;;;;;;;;;;;;;;209;224;239;238;258;236;235;255;243;250;252
128;T180+IM;13;07/12/2022;07/02/2023;13/02/2023;08/04/2023;;11/04/2023;14/04/2023;;19/04/2023;;;;0;353;0.3;0.54;0.72;2.07;0.75;0.09;8.333333333;27;7;0.74;2.19;0.38;0.58;0.43;0.71;0.48;32.3943662;36.69250646;0.43;0.22;48.8372093;2.37;1.73;0.93;1.5;1.04;0.49;;;;;;;1397;;0;7;;;;;;;;;;;;;;;;;;;;;;;;206;209;209;214;217;220;218;224;220;228;228
129;T90+IM;13;07/12/2022;07/02/2023;13/02/2023;08/04/2023;;11/04/2023;;;;;;;;;;;;;;;;;;;;;;;;;;;;;;;;;;;;;;;;;;1349;;1;2;;;;;;;;;;;;;;;;;;;;;;;;203;212;216;218;215;203;209;226;221;226;
130;T90+IM;13;07/12/2022;07/02/2023;13/02/2023;08/04/2023;;11/04/2023;14/04/2023;;19/04/2023;;;;0;269;0.3;0.62;0.99;3.92;0.87;0.19;4.578947368;33;23;0.88;3.1;0.32;0.61;0.57;0.8;0.5;37.5;47.88418708;0.57;0.46;19.29824561;2.76;2.5;1.43;1.73;1.49;0.72;;;;;;;1430;;0;7;;;;;;;;;;;;;;;;;;;;;;;;209;220;222;229;235;221;230;229;232;240;232
131;T180+IM;13;07/12/2022;07/02/2023;13/02/2023;08/04/2023;;11/04/2023;14/04/2023;;20/04/2023;;;;0;257;0.31;0.62;1.1;4.84;0.88;0.17;5.176470588;40;17;0.97;3.84;0.35;0.57;0.48;0.83;0.49;40.96385542;37.58865248;0.49;0.25;48.97959184;2.57;1.83;0.93;1.66;1.12;0.66;;;;;;;1301;;0;7;;;;;;;;;;;;;;;;;;;;;;;;207;217;230;228;243;220;234;244;247;251;249
132;T180+IM;13;07/12/2022;07/02/2023;13/02/2023;08/04/2023;;11/04/2023;14/04/2023;;20/04/2023;;;;0;257;0.26;0.66;0.72;2.13;0.78;0.16;4.875;30;17;0.69;1.9;0.33;0.59;0.56;0.71;0.39;45.07042254;38.2642998;0.62;0.34;45.16129032;2.9;2.11;1.1;2.17;1.64;0.84;;;;;;;1371;;0;7;;;;;;;;;;;;;;;;;;;;;;;;218;222;226;232;234;218;228;239;241;243;237
133;T90+IM;13;09/12/2022;07/02/2023;13/02/2023;08/04/2023;;11/04/2023;14/04/2023;;19/04/2023;;;;0;269;0.25;0.49;0.71;2.02;0.85;0.27;3.148148148;33;23;0.78;2.5;0.3;0.58;0.46;0.72;0.52;27.77777778;37.36017897;0.48;0.23;52.08333333;2.53;1.75;1.07;1.94;1.4;0.6;;;;;;;1479;;0;7;;;;;;;;;;;;;;;;;;;;;;;;199;199;206;211;215;204;211;224;225;228;228
134;T180+IM;13;09/12/2022;07/02/2023;13/02/2023;08/04/2023;;11/04/2023;14/04/2023;;20/04/2023;;;;0;265;0.28;0.64;0.75;2.31;0.85;0.19;4.473684211;37;23;0.85;2.89;0.3;0.55;0.52;0.76;0.54;28.94736842;44.02810304;0.54;0.33;38.88888889;2.74;2.13;1.26;1.53;1.03;0.62;;;;;;;1605;;0;7;;;;;;;;;;;;;;;;;;;;;;;;209;208;223;230;233;218;226;245;236;244;241
135;T90+IM;13;09/12/2022;07/02/2023;13/02/2023;08/04/2023;;11/04/2023;14/04/2023;;20/04/2023;;;;0;240;0.31;0.59;0.78;2.5;1.03;0.22;4.681818182;37;23;0.72;2.07;0.34;0.56;0.53;0.8;0.5;37.5;;0.43;0.25;41.86046512;;1.85;0.93;1.65;1.17;0.79;;;;;;;1247;;0;7;;;;;;;;;;;;;;;;;;;;;;;;216;228;235;232;246;237;245;253;256;262;258
136;NT+IM;14;02/04/2023;01/06/2023;;29/07/2023;;01/08/2023;;;08/08/2023;;;;;;;;;;;;;;;;;;;;;;;;;;;;;;;;;;;;;;;1026;48.57009;0;7;;;;;;;;;;;;;;;;;;;;;;;;213;233;233;238;249;;;249;254;259;246
137;SHAM;14;02/04/2023;01/06/2023;;29/07/2023;;01/08/2023;;;10/08/2023;;;;;;;;;;;;;;;;;;;;;;;;;;;;;;;;;;;;;;;1119;50.64613;0;7;;;;;;;;;;;;;;;;;;;;;;;;203;213;223;230;245;;;252;259;257;256
138;SHAM;14;02/04/2023;01/06/2023;;29/07/2023;;01/08/2023;;;08/08/2023;;;;;;;;;;;;;;;;;;;;;;;;;;;;;;;;;;;;;;;1149;49.54135;0;7;;;;;;;;;;;;;;;;;;;;;;;;194;218;224;233;241;;;246;248;247;210
139;NT+IM;14;02/04/2023;01/06/2023;;29/07/2023;;01/08/2023;;;14/08/2023;;;;;;;;;;;;;;;;;;;;;;;;;;;;;;;;;;;;;;;1031;44.8219;0;7;;;;;;;;;;;;;;;;;;;;;;;;206;209;234;244;243;;;253;257;249;250
140;SHAM;14;02/04/2023;01/06/2023;;29/07/2023;;01/08/2023;;;10/08/2023;;;;;;;;;;;;;;;;;;;;;;;;;;;;;;;;;;;;;;;1034;47.41132;0;7;;;;;;;;;;;;;;;;;;;;;;;;192;214;229;236;233;;;252;253;249;253
141;NT+IM;14;02/04/2023;01/06/2023;;29/07/2023;;01/08/2023;;;;;;;;;;;;;;;;;;;;;;;;;;;;;;;;;;;;;;;;;;1212;50.29633;1;1;;;;;;;;;;;;;;;;;;;;;;;;195;207;210;217;222;;;230;238;240;
142;NT+IM;14;03/04/2023;01/06/2023;;29/07/2023;;01/08/2023;;;10/08/2023;;;;;;;;;;;;;;;;;;;;;;;;;;;;;;;;;;;;;;;841;43.37691;0;7;;;;;;;;;;;;;;;;;;;;;;;;198;209;212;223;233;;;250;251;247;256
143;SHAM;14;03/04/2023;01/06/2023;;29/07/2023;;01/08/2023;;;08/08/2023;;;;;;;;;;;;;;;;;;;;;;;;;;;;;;;;;;;;;;;751;37.78078;0;7;;;;;;;;;;;;;;;;;;;;;;;;220;231;239;255;258;;;272;275;270;291
144;NT+IM;14;03/04/2023;01/06/2023;;29/07/2023;;01/08/2023;;;14/08/2023;;;;;;;;;;;;;;;;;;;;;;;;;;;;;;;;;;;;;;;874;52.22516;0;7;;;;;;;;;;;;;;;;;;;;;;;;203;208;220;233;238;;;249;257;252;264
145;NT+IM;15;13/04/2023;15/06/2023;;05/08/2023;;08/08/2023;;;17/08/2023;;;;;;;;;;;;;;;;;;;;;;;;;;;;;;;;;;;;;;;1378;52.86669;0;7;;;;;;;;;;;;;;;;;;;;;;;;;186;191;193;210;;;214;213;215;216
146;SHAM;15;13/04/2023;15/06/2023;;05/08/2023;;08/08/2023;;;15/08/2023;;;;;;;;;;;;;;;;;;;;;;;;;;;;;;;;;;;;;;;1107;49.93711;0;7;;;;;;;;;;;;;;;;;;;;;;;;;208;214;217;237;;;235;240;246;244
147;SHAM;15;13/04/2023;15/06/2023;;05/08/2023;;08/08/2023;;;17/08/2023;;;;;;;;;;;;;;;;;;;;;;;;;;;;;;;;;;;;;;;1122;49.68365;0;7;;;;;;;;;;;;;;;;;;;;;;;;;221;228;242;252;;;258;262;268;268
148;NT+IM;15;13/04/2023;15/06/2023;;05/08/2023;;08/08/2023;;;17/08/2023;;;;;;;;;;;;;;;;;;;;;;;;;;;;;;;;;;;;;;;1198;50.50683;0;7;;;;;;;;;;;;;;;;;;;;;;;;;224;237;242;273;;;275;281;277;270
149;NT+IM;15;13/04/2023;15/06/2023;;05/08/2023;;08/08/2023;;;15/08/2023;;;;;;;;;;;;;;;;;;;;;;;;;;;;;;;;;;;;;;;1160;56.12247;0;7;;;;;;;;;;;;;;;;;;;;;;;;;226;240;244;268;;;271;280;279;277
150;SHAM;15;13/04/2023;15/06/2023;;05/08/2023;;08/08/2023;;;15/08/2023;;;;;;;;;;;;;;;;;;;;;;;;;;;;;;;;;;;;;;;1292;53.48947;0;7;;;;;;;;;;;;;;;;;;;;;;;;;200;210;217;239;;;247;249;251;253
151;T60+IM;16;26/06/2023;24/08/2023;04/09/2023;29/10/2023;;01/11/2023;;;09/11/2023;;;;;;;;;;;;;;;;;;;;;;;;;;;;;;;;;;;;;;;1532;;0;7;;;;;;;;;;;;;;;;;;;;;;;;226;229;237;242;255;251;260;265;268;270;271
152;NT+IM;16;26/06/2023;24/08/2023;;29/10/2023;;01/11/2023;;;;;;;;;;;;;;;;;;;;;;;;;;;;;;;;;;;;;;;;;;1039;49.5981;1;1;;;;;;;;;;;;;;;;;;;;;;;;231;241;244;254;259;264;275;278;273;276;
153;T60+IM;16;26/06/2023;24/08/2023;04/09/2023;29/10/2023;;01/11/2023;;;09/11/2023;;;;;;;;;;;;;;;;;;;;;;;;;;;;;;;;;;;;;;;1383;62.3361;0;7;;;;;;;;;;;;;;;;;;;;;;;;214;213;233;237;242;245;252;253;251;257;256
154;SHAM;16;25/06/2023;24/08/2023;;29/10/2023;;01/11/2023;;;08/11/2023;;;;;;;;;;;;;;;;;;;;;;;;;;;;;;;;;;;;;;;1105;53.91857;0;7;;;;;;;;;;;;;;;;;;;;;;;;198;207;210;219;231;234;236;239;234;236;245
155;T60+IM;16;25/06/2023;24/08/2023;04/09/2023;29/10/2023;;01/11/2023;;;09/11/2023;;;;;;;;;;;;;;;;;;;;;;;;;;;;;;;;;;;;;;;1617;67.98633;0;7;;;;;;;;;;;;;;;;;;;;;;;;195;197;205;219;229;231;228;234;228;240;234
156;T60+IM;16;25/06/2023;24/08/2023;04/09/2023;29/10/2023;;01/11/2023;;;;;;;;;;;;;;;;;;;;;;;;;;;;;;;;;;;;;;;;;;1524;63.50436;1;1;;;;;;;;;;;;;;;;;;;;;;;;197;206;208;228;234;238;238;242;239;246;
157;T60+IM;16;25/06/2023;24/08/2023;04/09/2023;29/10/2023;;01/11/2023;;;08/11/2023;;;;;;;;;;;;;;;;;;;;;;;;;;;;;;;;;;;;;;;1464;62.44367;0;7;;;;;;;;;;;;;;;;;;;;;;;;185;190;196;207;213;212;214;214;217;222;220
158;T60+IM;16;25/06/2023;24/08/2023;04/09/2023;29/10/2023;;01/11/2023;;;;;;;;;;;;;;;;;;;;;;;;;;;;;;;;;;;;;;;;;;1596;64.2865;1;1;;;;;;;;;;;;;;;;;;;;;;;;187;194;200;211;220;223;223;224;220;228;
159;NT+IM;16;25/06/2023;24/08/2023;;29/10/2023;;01/11/2023;;;08/11/2023;;;;;;;;;;;;;;;;;;;;;;;;;;;;;;;;;;;;;;;1114;50.95619;0;7;;;;;;;;;;;;;;;;;;;;;;;;178;191;199;203;204;220;220;221;217;218;224
160;T60+IM;17;06/07/2023;31/08/2023;11/09/2023;05/11/2023;;07/11/2023;;;;;;;;;;;;;;;;;;;;;;;;;;;;;;;;;;;;;;;;;;1447;61.54967;1;1;;;;;;;;;;;;;;;;;;;;;;;;206;214;225;231;230;236;233;238;246;242;
161;T60+IM;17;06/07/2023;31/08/2023;11/09/2023;04/11/2023;;07/11/2023;;;14/11/2023;;;;;;;;;;;;;;;;;;;;;;;;;;;;;;;;;;;;;;;1412;64.40613;0;7;;;;;;;;;;;;;;;;;;;;;;;;208;209;218;227;230;234;236;235;230;242;235
162;T60+IM;17;06/07/2023;31/08/2023;11/09/2023;04/11/2023;;07/11/2023;;;14/11/2023;;;;;;;;;;;;;;;;;;;;;;;;;;;;;;;;;;;;;;;1398;62.28204;0;7;;;;;;;;;;;;;;;;;;;;;;;;214;219;227;231;246;242;248;246;240;248;245
163;SHAM;17;03/07/2023;31/08/2023;;04/11/2023;;07/11/2023;;;17/11/2023;;;;;;;;;;;;;;;;;;;;;;;;;;;;;;;;;;;;;;;1125;46.28486;0;7;;;;;;;;;;;;;;;;;;;;;;;;182;200;208;211;216;224;229;229;228;232;233
164;NT+IM;17;03/07/2023;31/08/2023;;05/11/2023;;07/11/2023;;;16/11/2023;;;;;;;;;;;;;;;;;;;;;;;;;;;;;;;;;;;;;;;1115;49.66406;0;7;;;;;;;;;;;;;;;;;;;;;;;;193;203;210;223;230;230;232;239;233;239;229
165;T60+IM;17;03/07/2023;31/08/2023;11/09/2023;05/11/2023;;07/11/2023;;;17/11/2023;;;;;;;;;;;;;;;;;;;;;;;;;;;;;;;;;;;;;;;1493;62.73076;0;7;;;;;;;;;;;;;;;;;;;;;;;;187;193;207;222;216;224;227;230;231;233;243
166;T60+IM;17;30/06/2023;31/08/2023;11/09/2023;;;;;;;09/10/2023;morte por afogamento;morreu afogada;;;;;;;;;;;;;;;;;;;;;;;;;;;;;;;;;;;;;;;;;;;;;;;;;;;;;;;;;;;;;;;219;230;247;255;259;;;;;;
167;NT+IM;17;30/06/2023;31/08/2023;;04/11/2023;;07/11/2023;;;16/11/2023;;;;;;;;;;;;;;;;;;;;;;;;;;;;;;;;;;;;;;;1008;50.62415;0;7;;;;;;;;;;;;;;;;;;;;;;;;232;239;249;258;263;267;272;273;268;277;266
168;T60+IM;17;30/06/2023;31/08/2023;11/09/2023;05/11/2023;;07/11/2023;;;14/11/2023;;;;;;;;;;;;;;;;;;;;;;;;;;;;;;;;;;;;;;;;;0;7;;;;;;;;;;;;;;;;;;;;;;;;228;235;243;254;260;255;268;269;256;261;280
169;T60+IM;17;06/07/2023;31/08/2023;11/09/2023;04/11/2023;;07/11/2023;;;;;;;;;;;;;;;;;;;;;;;;;;;;;;;;;;;;;;;;;;1516;65.21551;1;1;;;;;;;;;;;;;;;;;;;;;;;;204;210;222;229;236;238;245;246;237;246;
170;SHAM;17;06/07/2023;31/08/2023;;05/11/2023;;07/11/2023;;;16/11/2023;;;;;;;;;;;;;;;;;;;;;;;;;;;;;;;;;;;;;;;847;46.62386;0;7;;;;;;;;;;;;;;;;;;;;;;;;234;248;257;262;270;280;283;287;280;279;286
